index,Age,Label
BraTS19_TCIA10_310_1,41,0
BraTS19_TCIA13_653_1,34,0
BraTS19_TCIA01_235_1,58,1
BraTS19_2013_28_1,49,0
BraTS19_TCIA13_623_1,25,0
BraTS19_TCIA01_150_1,51,1
BraTS19_TCIA10_241_1,36,0
BraTS19_TCIA12_470_1,40,0
BraTS19_TCIA01_201_1,61,1
BraTS19_TCIA13_645_1,53,0
BraTS19_TCIA08_280_1,57,1
BraTS19_TCIA02_606_1,45,1
BraTS19_TCIA09_493_1,32,0
BraTS19_TCIA01_429_1,55,1
BraTS19_TCIA05_478_1,59,1
BraTS19_TCIA10_449_1,27,0
BraTS19_TCIA03_265_1,60,1
BraTS19_TCIA10_640_1,27,0
BraTS19_TCIA09_620_1,44,0
BraTS19_TCIA06_165_1,52,1
BraTS19_TCIA05_396_1,39,1
BraTS19_TCIA10_632_1,31,0
BraTS19_TCIA10_103_1,29,0
BraTS19_TCIA10_413_1,51,0
BraTS19_TCIA02_168_1,35,1
BraTS19_TCIA01_499_1,50,1
BraTS19_TCIA10_639_1,34,0
BraTS19_TCIA03_257_1,69,1
BraTS19_TCIA02_290_1,43,1
BraTS19_TCIA12_298_1,44,0
BraTS19_TCIA08_436_1,44,1
BraTS19_TCIA01_401_1,79,1
BraTS19_TCIA08_234_1,59,1
BraTS19_TCIA12_249_1,40,0
BraTS19_TCIA01_448_1,44,1
BraTS19_2013_0_1,49,0
BraTS19_TCIA13_634_1,28,0
BraTS19_TCIA02_471_1,77,1
BraTS19_TCIA03_121_1,30,1
BraTS19_TCIA01_190_1,62,1
BraTS19_TCIA12_101_1,29,0
BraTS19_2013_29_1,27,0
BraTS19_TCIA10_109_1,32,0
BraTS19_TCIA02_274_1,55,1
BraTS19_TCIA10_282_1,37,0
BraTS19_TCIA02_455_1,55,1
BraTS19_TCIA09_312_1,32,0
BraTS19_TCIA02_374_1,64,1
BraTS19_TCIA04_343_1,53,1
BraTS19_TCIA02_368_1,63,1
BraTS19_TCIA02_322_1,57,1
BraTS19_TCIA02_171_1,71,1
BraTS19_TCIA01_335_1,54,1
BraTS19_TCIA10_307_1,43,0
BraTS19_TCIA02_208_1,72,1
BraTS19_TCIA02_179_1,47,1
BraTS19_TCIA01_390_1,64,1
BraTS19_2013_6_1,45,0
BraTS19_TCIA08_218_1,57,1
BraTS19_TCIA02_331_1,85,1
BraTS19_TCIA10_625_1,51,0
BraTS19_2013_9_1,55,0
BraTS19_TCIA08_319_1,65,1
BraTS19_TCIA10_387_1,33,0
BraTS19_TCIA01_411_1,43,1
BraTS19_TCIA09_451_1,35,0
BraTS19_TCIA04_111_1,75,1
BraTS19_TCIA13_650_1,33,0
BraTS19_2013_16_1,45,0
BraTS19_TCIA10_152_1,42,0
BraTS19_TCIA02_608_1,58,1
BraTS19_TCIA01_231_1,64,1
BraTS19_TCIA02_222_1,62,1
BraTS19_TCIA10_490_1,30,0
BraTS19_TCIA01_147_1,61,1
BraTS19_TCIA08_162_1,53,1
BraTS19_TCIA02_151_1,48,1
BraTS19_TCIA06_372_1,75,1
BraTS19_TCIA10_442_1,51,0
BraTS19_TCIA06_247_1,77,1
BraTS19_TCIA03_133_1,64,1
BraTS19_TCIA10_276_1,25,0
BraTS19_TCIA03_474_1,61,1
BraTS19_TCIA02_607_1,22,1
BraTS19_TCIA01_221_1,28,1
BraTS19_TCIA10_202_1,47,0
BraTS19_TCIA01_412_1,69,1
BraTS19_TCIA02_226_1,74,1
BraTS19_TCIA13_630_1,33,0
BraTS19_TCIA06_211_1,57,1
BraTS19_TCIA10_325_1,41,0
BraTS19_2013_8_1,26,0
BraTS19_TCIA10_420_1,40,0
BraTS19_TCIA10_266_1,54,0
BraTS19_TCIA02_135_1,69,1
BraTS19_TCIA08_105_1,67,1
BraTS19_TCIA01_378_1,74,1
BraTS19_TCIA02_300_1,64,1
BraTS19_TCIA02_370_1,55,1
BraTS19_TCIA05_277_1,70,1
BraTS19_TCIA13_624_1,33,0
BraTS19_TCIA10_644_1,40,0
BraTS19_TCIA06_184_1,61,1
BraTS19_2013_15_1,52,0
BraTS19_2013_24_1,35,0
BraTS19_TCIA04_149_1,37,1
BraTS19_TCIA02_283_1,75,1
BraTS19_TCIA02_394_1,64,1
BraTS19_TCIA09_428_1,37,0
BraTS19_TCIA08_469_1,64,1
BraTS19_TCIA02_473_1,61,1
BraTS19_TCIA08_242_1,66,1
BraTS19_TCIA02_309_1,55,1
BraTS19_TCIA10_130_1,54,0
BraTS19_TCIA01_425_1,56,1
BraTS19_TMC_09043_1,47,0
BraTS19_TCIA10_330_1,38,0
BraTS19_2013_1_1,51,0
BraTS19_TCIA10_628_1,44,0
BraTS19_TCIA02_314_1,40,1
BraTS19_TCIA09_141_1,44,0
BraTS19_TCIA09_462_1,47,0
BraTS19_TCIA13_615_1,26,0
BraTS19_TCIA02_198_1,54,1
BraTS19_TCIA01_203_1,46,1
BraTS19_TCIA08_113_1,49,1
BraTS19_TCIA13_633_1,42,0
BraTS19_TCIA02_321_1,81,1
BraTS19_TCIA01_131_1,71,1
BraTS19_TCIA01_180_1,32,1
BraTS19_TCIA13_618_1,33,0
BraTS19_TCIA02_118_1,47,1
BraTS19_TCIA02_377_1,64,1
BraTS19_TCIA10_393_1,25,0
BraTS19_TCIA10_629_1,47,0
BraTS19_TCIA02_605_1,50,1
BraTS19_TCIA10_299_1,50,0
BraTS19_TCIA08_167_1,75,1
BraTS19_TCIA04_192_1,76,1
BraTS19_TCIA10_351_1,47,0
BraTS19_TCIA04_361_1,76,1
BraTS19_TCIA13_621_1,42,0
